{"cameraMode":{"drawMode":0,"name":"Shaded","section":"Shading Mode"},"sceneLighting":true,"audioPlay":false,"sceneViewState":{"showFog":true,"showMaterialUpdate":false,"showSkybox":true,"showFlares":true,"showImageEffects":true,"showParticleSystems":true},"in2DMode":false,"pivot":{"x":0.29999542236328127,"y":2.5,"z":-2.199997901916504},"rotation":{"x":0.2496914118528366,"y":0.5417895317077637,"z":-0.17259371280670167,"w":0.7838073372840881},"size":45.67637252807617,"orthographic":true}