{"cameraMode":{"drawMode":0,"name":"Shaded","section":"Shading Mode"},"sceneLighting":false,"audioPlay":false,"sceneViewState":{"showFog":true,"showMaterialUpdate":false,"showSkybox":false,"showFlares":true,"showImageEffects":true,"showParticleSystems":true},"in2DMode":false,"pivot":{"x":3.594144344329834,"y":1.2964577674865723,"z":-0.8540412187576294},"rotation":{"x":0.010040872730314732,"y":-0.9891913533210754,"z":0.08179391175508499,"w":0.12139344960451126},"size":1.764035940170288,"orthographic":false}