{"cameraMode":{"drawMode":0,"name":"Shaded","section":"Shading Mode"},"sceneLighting":false,"audioPlay":false,"sceneViewState":{"showFog":true,"showMaterialUpdate":false,"showSkybox":false,"showFlares":true,"showImageEffects":true,"showParticleSystems":true},"in2DMode":false,"pivot":{"x":2.4089951515197756,"y":0.6942462921142578,"z":-3.2240333557128908},"rotation":{"x":-0.0006486071506515145,"y":0.9018847942352295,"z":-0.0013528161216527224,"w":-0.4319978952407837},"size":10.0,"orthographic":false}