{"cameraMode":{"drawMode":0,"name":"Shaded","section":"Shading Mode"},"sceneLighting":false,"audioPlay":false,"sceneViewState":{"showFog":true,"showMaterialUpdate":false,"showSkybox":false,"showFlares":true,"showImageEffects":true,"showParticleSystems":true},"in2DMode":false,"pivot":{"x":-32.09564971923828,"y":3.4545600414276125,"z":29.799304962158204},"rotation":{"x":0.004050114192068577,"y":0.9863693714141846,"z":-0.024563908576965333,"w":0.16270622611045838},"size":10.198064804077149,"orthographic":true}