{"cameraMode":{"drawMode":0,"name":"Shaded","section":"Shading Mode"},"sceneLighting":false,"audioPlay":false,"sceneViewState":{"showFog":true,"showMaterialUpdate":false,"showSkybox":false,"showFlares":true,"showImageEffects":true,"showParticleSystems":true},"in2DMode":false,"pivot":{"x":-0.783935546875,"y":0.635009765625,"z":-0.802734375},"rotation":{"x":-0.0000010381510264778627,"y":0.9922647476196289,"z":-0.12417890131473541,"w":3.3754492534399108e-8},"size":1.9949661493301392,"orthographic":true}